union register of medicinal products - public health - european commission;;
union register of medicinal products for human use;;
eu #;brand name;marketing authorisation holder
eu/1/14/944;abasaglar;eli lilly nederland b.v.
eu/1/04/276;abilify;otsuka pharmaceutical netherlands b.v.
eu/1/13/882;abilify maintena;otsuka pharmaceutical netherlands b.v.
eu/1/07/428;abraxane;celgene europe b.v.
eu/1/07/412;abseamed;medice arzneimittel pütter gmbh & co kg
eu/1/14/946;accofil;accord healthcare s.l.u.
eu/1/05/308;aclasta;novartis europharm limited
eu/1/13/817;actelsar hct;actavis group ptc ehf.
eu/1/00/150;actos;takeda pharma a/s
eu/1/02/229;actraphane;novo nordisk a/s
eu/1/02/230;actrapid;novo nordisk a/s
eu/1/20/1476;adakveo;novartis europharm limited
eu/1/13/823;adasuve;ferrer internacional s.a.
eu/1/12/794;adcetris;takeda pharma a/s
eu/1/08/476;adcirca;eli lilly nederland b.v.
eu/1/13/907;adempas;bayer ag
eu/1/08/447;adenuric;menarini international operations luxembourg s.a.
eu/1/09/578;adjupanrix;glaxosmithkline biologicals s.a.
eu/1/06/364;adrovance;merck sharp & dohme b.v.
eu/1/07/387;advagraf;astellas pharma europe b.v.
eu/1/03/271;advate;takeda manufacturing austria ag
eu/1/17/1247;adynovi;baxalta innovations gmbh
eu/1/07/399;aerinaze;merck sharp & dohme b.v.
eu/1/00/160;aerius;merck sharp & dohme b.v.
eu/1/09/538;afinitor;novartis europharm limited
eu/1/10/658;aflunov;seqirus s.r.l.
eu/1/16/1158;afstyla;csl behring gmbh
eu/1/18/1293;aimovig;novartis europharm limited
eu/1/19/1358;ajovy;teva gmbh
eu/1/15/1001;akynzeo;helsinn birex pharmaceuticals ltd
eu/1/98/080;aldara;meda ab
eu/1/03/253;aldurazyme;genzyme europe b.v.
eu/1/16/1169;alecensa;roche registration gmbh
eu/1/04/290;alimta;eli lilly nederland b.v.
eu/1/17/1260;alkindi;diurnal europe b.v.
eu/1/07/401;alli;glaxosmithkline dungarvan limited
eu/1/17/1261;alofisel;takeda pharma a/s
eu/1/04/306;aloxi;helsinn birex pharmaceuticals ltd
eu/1/18/1269;alpivab;biocryst ireland limited
eu/1/16/1098;alprolix;swedish orphan biovitrum ab (publ)
eu/1/18/1264;alunbrig;takeda pharma a/s
eu/1/02/224;ambirix;glaxosmithkline biologicals s.a.
eu/1/19/1368;ambrisentan mylan;mylan s.a.s.
eu/1/11/740;ameluz;biofrontera bioscience gmbh
eu/1/16/1164;amgevita;amgen europe b.v.
eu/1/18/1279;amglidia;ammtek
eu/1/16/1092;amlodipine/valsartan mylan;mylan s.a.s.
eu/1/99/120;ammonaps;immedica pharma ab
eu/1/19/1415;amsparity;pfizer europe ma eeig
eu/1/12/805;amyvid;eli lilly nederland b.v.
eu/1/17/1256;anagrelide mylan;mylan s.a.s.
eu/1/14/898;anoro ellipta;glaxosmithkline (ireland) limited
eu/1/18/1292;apealea;oasmia pharmaceutical ab
eu/1/04/285;apidra;sanofi-aventis deutschland gmbh
eu/1/20/1458;apixaban accord;accord healthcare s.l.u.
eu/1/97/046;aprovel;sanofi-aventis groupe
eu/1/05/315;aptivus;boehringer ingelheim international gmbh
eu/1/01/185;aranesp;amgen europe b.v.
eu/1/99/118;arava;sanofi-aventis deutschland gmbh
eu/1/20/1469;arikayce liposomal;insmed netherlands b.v.
eu/1/15/1045;aripiprazole accord;accord healthcare s.l.u.
eu/1/15/1005;aripiprazole mylan pharma;mylan s.a.s.
eu/1/15/1029;aripiprazole sandoz;sandoz gmbh
eu/1/15/1009;aripiprazole zentiva;zentiva, k.s.
eu/1/02/206;arixtra;aspen pharma trading limited
eu/1/15/1063;armisarte;actavis group ptc ehf.
eu/1/19/1398;arsenic trioxide accord;accord healthcare s.l.u.
eu/1/20/1475;arsenic trioxide medac;medac gesellschaft für klinische spezialpräparate mbh
eu/1/20/1427;arsenic trioxide mylan;mylan ireland limited
eu/1/19/1353;atazanavir krka;krka d d., novo mesto
eu/1/16/1091;atazanavir mylan;mylan s.a.s.
eu/1/20/1439;atectura breezhaler;novartis europharm limited
eu/1/13/852;atosiban sun;sun pharmaceutical industries europe bv
eu/1/07/403;atriance;novartis europharm limited
eu/1/07/430;atripla;gilead sciences ireland uc
eu/1/13/838;aubagio;sanofi-aventis groupe
eu/1/07/434;avamys;glaxosmithkline (ireland) limited
eu/1/04/300;avastin;roche registration gmbh
eu/1/97/033;avonex;biogen netherlands b.v.
eu/1/17/1186;axumin;blue earth diagnostics ireland ltd
eu/1/02/218;axura;merz pharmaceuticals gmbh
eu/1/20/1454;aybintio;samsung bioepis nl b.v.
eu/1/20/1473;ayvakyt;blueprint medicines (netherlands) b.v.
eu/1/19/1413;azacitidine accord;accord healthcare s.l.u.
eu/1/19/1416;azacitidine betapharm;betapharm arzneimittel gmbh
eu/1/19/1382;azacitidine celgene;celgene europe b.v.
eu/1/20/1426;azacitidine mylan;mylan ireland limited
eu/1/08/482;azarga;novartis europharm limited
eu/1/04/304;azilect;teva b.v.
eu/1/00/157;azomyr;merck sharp & dohme b.v.
eu/1/00/129;azopt;novartis europharm limited
eu/1/19/1406;baqsimi;eli lilly nederland b.v.
eu/1/06/343;baraclude;bristol-myers squibb pharma eeig
eu/1/17/1214;bavencio;merck europe b.v.
eu/1/13/909;bemfola;gedeon richter plc.
eu/1/20/1441;bemrist breezhaler;novartis europharm limited
eu/1/97/047;benefix;pfizer europe ma eeig
eu/1/15/1074;benepali;samsung bioepis nl b.v.
eu/1/11/700;benlysta;glaxosmithkline (ireland) limited
eu/1/19/1417;beovu;novartis europharm limited
eu/1/99/097;beromun;belpharma s.a.
eu/1/17/1200;besponsa;pfizer europe ma eeig
eu/1/18/1352;besremi;aop orphan pharmaceuticals ag
eu/1/95/003;betaferon;bayer ag
eu/1/12/809;betmiga;astellas pharma europe b.v.
eu/1/18/1339;bevespi aerosphere;astrazeneca ab
eu/1/12/812;bexsero;glaxosmithkline vaccines s.r.l.
eu/1/18/1289;biktarvy;gilead sciences ireland uc
eu/1/07/410;binocrit;sandoz gmbh
eu/1/09/565;biopoin;teva gmbh
eu/1/14/921;biresp spiromax;teva pharma b.v.
eu/1/20/1474;blenrep;glaxosmithkline (ireland) limited
eu/1/15/1047;blincyto;amgen europe b.v.
eu/1/17/1205;blitzima;celltrion healthcare hungary kft.
eu/1/96/012;bondronat;copenhagen towers, ørestads boulevard 108, 5.tv, dk-2300 københavn s, danmark
eu/1/03/265;bonviva;atnahs pharma netherlands b.v.
eu/1/15/1019;bortezomib accord;accord healthcare s.l.u.
eu/1/19/1397;bortezomib fresenius kabi;fresenius kabi deutschland gmbh
eu/1/16/1114;bortezomib hospira;pfizer europe ma eeig
eu/1/16/1102;bortezomib sun;sun pharmaceutical industries europe bv
eu/1/13/818;bosulif;pfizer europe ma eeig
eu/1/18/1314;braftovi;pierre fabre médicament
eu/1/12/781;bretaris genuair;astrazeneca ab
eu/1/08/466;bridion;merck sharp & dohme b.v.
eu/1/10/655;brilique;astrazeneca ab
eu/1/14/963;brimica genuair;astrazeneca ab
eu/1/10/645;brinavess;correvio
eu/1/17/1192;brineura;biomarin international limited
eu/1/13/891;brintellix;h. lundbeck a/s
eu/1/15/1073;briviact;ucb pharma s.a.
eu/1/12/760;bronchitol;pharmaxis europe limited
eu/1/11/709;buccolam;shire services bvba
eu/1/19/1403;budesonide/formoterol teva pharma b.v.;teva pharma b.v.
eu/1/03/254;busilvex;pierre fabre médicament
eu/1/14/951;busulfan fresenius kabi;fresenius kabi deutschland gmbh
eu/1/18/1336;buvidal;camurus ab
eu/1/11/696;bydureon;astrazeneca ab
eu/1/06/362;byetta;astrazeneca ab
eu/1/20/1448;cabazitaxel accord;accord healthcare s.l.u.
eu/1/18/1305;cablivi;ablynx n.v.
eu/1/16/1136;cabometyx;ipsen pharma
eu/1/96/011;caelyx pegylated liposomal;janssen-cilag international nv
eu/1/20/1479;calquence;astrazeneca ab
eu/1/01/196;cancidas;merck sharp & dohme b.v.
eu/1/12/762;capecitabine accord;accord healthcare s.l.u.
eu/1/12/802;capecitabine medac;medac gesellschaft für klinische spezialpräparate mbh
eu/1/12/761;capecitabine teva;teva b.v.
eu/1/11/749;caprelsa;genzyme europe b.v.
eu/1/02/246;carbaglu;recordati rare diseases
eu/1/18/1278;carmustine obvius;obvius investment b.v.
eu/1/09/543;cayston;gilead sciences ireland uc
eu/1/19/1409;cegfila;mundipharma corporation (ireland) limited
eu/1/96/005;cellcept;roche registration gmbh
eu/1/07/418;celsentri;viiv healthcare bv
eu/1/08/477;ceplene;noventia pharma srl
eu/1/01/190;ceprotin;takeda manufacturing austria ag
eu/1/14/974;cerdelga;genzyme europe b.v.
eu/1/97/053;cerezyme;genzyme europe b.v.
eu/1/07/419;cervarix;glaxosmithkline biologicals s.a.
eu/1/99/100;cetrotide;merck europe b.v.
eu/1/06/360;champix;pfizer europe ma eeig
eu/1/16/1110;chenodeoxycholic acid leadiant;leadiant gmbh
eu/1/03/268;cholestagel;genzyme europe b.v.
eu/1/13/866;cholib;mylan ire healthcare ltd
eu/1/02/237;cialis;eli lilly nederland b.v.
eu/1/15/1055;ciambra;menarini international operations luxembourg s.a.
eu/1/09/544;cimzia;ucb pharma s.a.
eu/1/20/1429;cinacalcet accordpharma;accord healthcare s.l.u.
eu/1/15/1054;cinacalcet mylan;mylan s.a.s.
eu/1/16/1125;cinqaero;teva b.v.
eu/1/11/688;cinryze;shire services bvba
eu/1/07/392;circadin;rad neurim pharmaceuticals eec sarl
eu/1/09/558;clopidogrel bgr;laboratoires biogaran
eu/1/09/556;clopidogrel krka;krka d d., novo mesto
eu/1/09/562;clopidogrel krka d.d.;krka d d., novo mesto
eu/1/09/559;clopidogrel mylan;mylan s.a.s.
eu/1/14/975;clopidogrel ratiopharm;teva b.v.
eu/1/09/555;clopidogrel tad;tad pharma gmbh
eu/1/09/568;clopidogrel taw pharma;apotex europe b.v.
eu/1/09/540;clopidogrel teva;teva b.v.
eu/1/08/465;clopidogrel zentiva;zentiva, k.s.
eu/1/19/1395;clopidogrel/acetylsalicylic acid mylan;mylan s.a.s.
eu/1/16/1087;coagadex;bpl bioproducts laboratory gmbh
eu/1/98/086;coaprovel;sanofi-aventis groupe
eu/1/11/747;colobreathe;teva b.v.
eu/1/98/058;combivir;viiv healthcare bv
eu/1/13/890;cometriq;ipsen pharma
eu/1/20/1528;comirnaty;biontech manufacturing gmbh
eu/1/06/354;competact;takeda pharma a/s
eu/1/98/081;comtan;orion corporation
eu/1/98/082;comtess;orion corporation
eu/1/09/511;conbriza;pfizer europe ma eeig
eu/1/12/801;constella;allergan pharmaceuticals international limited
eu/1/09/515;controloc control;takeda gmbh
eu/1/06/372;copalia;novartis europharm limited
eu/1/09/575;copalia hct;novartis europharm limited
eu/1/13/859;corbilta;orion corporation
eu/1/05/317;corlentor;les laboratoires servier
eu/1/14/980;cosentyx;novartis europharm limited
eu/1/15/1048;cotellic;roche registration gmbh
eu/1/21/1529;covid-19 vaccine astrazeneca;astrazeneca ab
eu/1/20/1507;covid-19 vaccine moderna;moderna biotech spain, s.l.
eu/1/15/1036;cresemba;basilea pharmaceutica deutschland gmbh
eu/1/96/024;crixivan;merck sharp & dohme b.v.
eu/1/17/1262;crysvita;kyowa kirin holdings b.v.
eu/1/05/328;cubicin;merck sharp & dohme b.v.
eu/1/19/1365;cufence;univar solutions b.v.
eu/1/17/1199;cuprior;orphalan
eu/1/12/784;cuprymina;a.c.o.m. -advanced center oncology macerata -s.r.l.
eu/1/07/420;cyanokit;serb s.a.
eu/1/04/296;cymbalta;eli lilly nederland b.v.
eu/1/14/957;cyramza;eli lilly nederland b.v.
eu/1/06/379;cystadane;recordati rare diseases
eu/1/15/1049;cystadrops;recordati rare diseases
eu/1/97/039;cystagon;recordati rare diseases
eu/1/12/792;dacogen;janssen-cilag international nv
eu/1/06/371;dafiro;novartis europharm limited
eu/1/09/574;dafiro hct;novartis europharm limited
eu/1/17/1175;daptomycin hospira;pfizer europe ma eeig
eu/1/17/1249;darunavir krka;krka d d., novo mesto
eu/1/17/1248;darunavir krka d.d.;krka d d., novo mesto
eu/1/16/1140;darunavir mylan;mylan s.a.s.
eu/1/16/1101;darzalex;janssen-cilag international nv
eu/1/11/739;dasselta;krka d d., novo mesto
eu/1/00/135;datscan;ge healthcare b.v.
eu/1/20/1451;daurismo;pfizer europe ma eeig
eu/1/10/636;daxas;astrazeneca ab
eu/1/18/1349;dectova;glaxosmithkline trading services limited
eu/1/19/1412;deferasirox accord;accord healthcare s.l.u.
eu/1/19/1386;deferasirox mylan;mylan s.a.s.
eu/1/18/1310;deferiprone lipomed;lipomed gmbh
eu/1/13/878;defitelio;gentium s.r.i.
eu/1/18/1333;delstrigo;merck sharp & dohme b.v.
eu/1/13/875;deltyba;otsuka novel products gmbh
eu/1/18/1338;dengvaxia;sanofi pasteur
eu/1/16/1099;descovy;gilead sciences ireland uc
eu/1/11/745;desloratadine actavis;actavis group ptc ehf.
eu/1/11/746;desloratadine ratiopharm;ratiopharm gmbh
eu/1/11/732;desloratadine teva;teva b.v.
eu/1/11/718;dexdor;orion corporation
eu/1/19/1418;dexmedetomidine accord;accord healthcare s.l.u.
eu/1/06/367;diacomit;biocodex
eu/1/11/733;dificlir;astellas pharma europe b.v.
eu/1/12/769;docetaxel accord;accord healthcare s.l.u.
eu/1/12/770;docetaxel kabi;fresenius kabi deutschland gmbh
eu/1/09/611;docetaxel teva;teva b.v.
eu/1/07/384;docetaxel zentiva;zentiva k.s.
eu/1/19/1373;doptelet;swedish orphan biovitrum ab (publ)
eu/1/19/1370;dovato;viiv healthcare b.v.
eu/1/20/1437;dovprela;mylan ire healthcare limited
eu/1/14/964;duaklir genuair;astrazeneca ab
eu/1/14/960;duavive;pfizer europe ma eeig
eu/1/03/263;dukoral;valneva sweden ab
eu/1/14/972;duloxetine lilly;eli lilly nederland b.v.
eu/1/15/1010;duloxetine mylan;mylan s.a.s.
eu/1/15/1028;duloxetine zentiva;zentiva, k.s.
eu/1/10/619;duoplavin;sanofi-aventis groupe
eu/1/14/920;duoresp spiromax;teva pharma b.v.
eu/1/06/338;duotrav;novartis europharm limited
eu/1/17/1229;dupixent;sanofi-aventis groupe
eu/1/02/209;dynastat;pfizer europe ma eeig
eu/1/18/1284;dzuveo;fgk representative service gmbh
eu/1/14/915;ebilfumin;actavis group ptc ehf.
eu/1/02/219;ebixa;h. lundbeck a/s
eu/1/15/1051;ebymect;astrazeneca ab
eu/1/07/416;ecalta;pfizer europe ma eeig
eu/1/12/763;ecansya;krka d d., novo mesto
eu/1/11/734;edarbi;takeda pharma a/s
eu/1/15/1052;edistride;astrazeneca ab
eu/1/11/736;edurant;janssen-cilag international nv
eu/1/11/742;efavirenz teva;teva b.v.
eu/1/17/1263;efavirenz/emtricitabine/tenofovir disoproxil krka;krka d d., novo mesto
eu/1/17/1222;efavirenz/emtricitabine/tenofovir disoproxil mylan;mylan s.a.s.
eu/1/17/1210;efavirenz/emtricitabine/tenofovir disoproxil zentiva;zentiva, k.s.
eu/1/08/441;effentora;teva b.v.
eu/1/08/457;efficib;merck sharp & dohme b.v.
eu/1/08/503;efient;daiichi sankyo europe gmbh
eu/1/12/778;eklira genuair;astrazeneca ab
eu/1/06/365;elaprase;shire human genetic therapies ab
eu/1/17/1237;elebrato ellipta;glaxosmithkline trading services limited
eu/1/11/691;eliquis;bristol-myers squibb/pfizer eeig
eu/1/09/522;ellaone;laboratoire hra pharma
eu/1/17/1189;elmiron;bene-arzneimittel gmbh
eu/1/15/1046;elocta;swedish orphan biovitrum ab (publ)
eu/1/09/609;elonva;merck sharp & dohme b.v.
eu/1/20/1504;elzonris;stemline therapeutics b.v.
eu/1/98/095;emadine;novartis europharm limited
eu/1/03/262;emend;merck sharp & dohme b.v.
eu/1/18/1330;emgality;eli lilly nederland b.v.
eu/1/16/1088;empliciti;bristol-myers squibb pharma eeig
eu/1/04/294;emselex;merus labs luxco ii s.à r.l.
eu/1/17/1182;emtricitabine /tenofovir disoproxil krka d.d.;krka d d., novo mesto
eu/1/16/1151;emtricitabine/tenofovir disoproxil krka;krka d d., novo mesto
eu/1/16/1133;emtricitabine/tenofovir disoproxil mylan;mylan s.a.s.
eu/1/16/1148;emtricitabine/tenofovir disoproxil zentiva;zentiva, k.s.
eu/1/03/261;emtriva;gilead sciences ireland uc
eu/1/99/126;enbrel;pfizer europe ma eeig
eu/1/16/1105;endolucinbeta;itm medical isotopes gmbh
eu/1/20/1438;enerzair breezhaler;novartis europharm limited
eu/1/20/1508;enhertu;daiichi sankyo europe gmbh
eu/1/11/708;entacapone orion;orion corporation
eu/1/10/665;entacapone teva;teva b.v.
eu/1/17/1211;entecavir accord;accord healthcare s.l.u.
eu/1/17/1227;entecavir mylan;mylan s.a.s.
eu/1/15/1058;entresto;novartis europharm limited
eu/1/14/923;entyvio;takeda pharma a/s
eu/1/12/789;enurev breezhaler;novartis europharm limited
eu/1/14/935;envarsus;chiesi farmaceutici s.p.a.
eu/1/09/580;enyglid;krka d d., novo mesto
eu/1/16/1116;epclusa;gilead sciences ireland uc
eu/1/19/1389;epidyolex;gw pharma (international) b.v.
eu/1/15/1069;episalvan;amryt gmbh
eu/1/96/015;epivir;viiv healthcare b.v.
eu/1/07/411;epoetin alfa hexal;hexal ag
eu/1/09/573;eporatio;ratiopharm gmbh
eu/1/15/1065;eptifibatide accord;accord healthcare s.l.u.
eu/1/20/1472;equidacent;centus biotherapeutics europe limited
eu/1/04/281;erbitux;merck europe b.v.
eu/1/17/1195;erelzi;sandoz gmbh
eu/1/13/848;erivedge;roche registration gmbh
eu/1/18/1342;erleada;janssen-cilag international nv
eu/1/19/1392;ervebo;merck sharp & dohme b.v.
eu/1/11/667;esbriet;roche registration gmbh
eu/1/12/750;esmya;gedeon richter plc.
eu/1/19/1374;esperoct;novo nordisk a/s
eu/1/07/425;eucreas;novartis europharm limited
eu/1/11/716;eurartesim;alfasigma s.p.a.
eu/1/19/1411;evenity;ucb pharma s.a.
eu/1/08/473;evicel;omrix biopharmaceuticals n.v.
eu/1/11/737;eviplera;gilead sciences ireland uc
eu/1/98/073;evista;substipharm
eu/1/06/334;evoltra;genzyme europe b.v.
eu/1/15/1025;evotaz;bristol-myers squibb/pfizer eeig
eu/1/02/223;evra;janssen-cilag international nv
eu/1/98/066;exelon;novartis europharm limited
eu/1/06/370;exforge;novartis europharm limited
eu/1/09/569;exforge hct;novartis europharm limited
eu/1/06/356;exjade;novartis europharm limited
eu/1/20/1489;exparel liposomal;pacira ireland ltd
eu/1/08/454;extavia;novartis europharm limited
eu/1/14/983;exviera;abbvie deutschland gmbh & co. kg
eu/1/12/797;eylea;bayer ag
eu/1/01/188;fabrazyme;genzyme europe b.v.
eu/1/20/1477;fampridine accord;accord healthcare s.l.u.
eu/1/11/699;fampyra;biogen netherlands b.v.
eu/1/96/004;fareston;orion corporation
eu/1/15/1023;farydak;secura bio limited
eu/1/17/1252;fasenra;astrazeneca ab
eu/1/03/269;faslodex;astrazeneca ab
eu/1/00/170;fasturtec;sanofi-aventis groupe
eu/1/18/1347;febuxostat krka;krka d d., novo mesto
eu/1/17/1194;febuxostat mylan;mylan s.a.s.
eu/1/04/299;fendrix;glaxosmithkline biologicals s.a.
eu/1/15/1075;feraccru;norgine b.v.
eu/1/99/108;ferriprox;chiesi farmaceutici s.p.a.
eu/1/20/1434;fetcroja;shionogi b.v.
eu/1/16/1160;fiasp;novo nordisk a/s
eu/1/08/496;filgrastim hexal;hexal ag
eu/1/20/1450;fingolimod accord;accord healthcare s.l.u.
eu/1/20/1491;fintepla;zogenix roi limited
eu/1/08/461;firazyr;shire pharmaceuticals ireland limited
eu/1/09/601;firdapse;serb s.a.
eu/1/08/504;firmagon;ferring pharmaceuticals a/s
eu/1/07/404;flebogamma dif;instituto grifols, s.a.
eu/1/16/1106;flixabi;samsung bioepis nl b.v.
eu/1/20/1433;fluad tetra;seqirus netherlands b.v.
eu/1/18/1326;flucelvax tetra;seqirus netherlands b.v.
eu/1/13/887;fluenz tetra;astrazeneca ab
eu/1/09/577;foclivia;seqirus s.r.l.,
eu/1/03/247;forsteo;eli lilly nederland b.v.
eu/1/13/881;fortacin;recordati ireland ltd
eu/1/12/795;forxiga;astrazeneca ab
eu/1/05/310;fosavance;merck sharp & dohme b.v.
eu/1/01/197;foscan;biolitec pharma ltd
eu/1/17/1215;fotivda;eusa pharma (netherlands) b.v.
eu/1/18/1329;fulphila;mylan s.a.s.
eu/1/17/1253;fulvestrant mylan;mylan s.a.s.
eu/1/03/252;fuzeon;roche registration gmbh
eu/1/12/776;fycompa;eisai gmbh
eu/1/15/1082;galafold;amicus therapeutics europe limited
eu/1/07/414;galvus;novartis europharm limited
eu/1/06/340;ganfort;allergan pharmaceuticals ireland
eu/1/06/357;gardasil;msd vaccins
eu/1/15/1007;gardasil 9;msd vaccins
eu/1/14/937;gazyvaro;roche registration gmbh
eu/1/18/1321;gefitinib mylan;mylan s.a.s.
eu/1/20/1465;gencebok;gennisium pharma
eu/1/15/1061;genvoya;gilead sciences ireland uc
eu/1/19/1384;giapreza;la jolla pharmaceutical ii b.v.
eu/1/11/677;gilenya;novartis europharm limited
eu/1/13/879;giotrif;boehringer ingelheim international gmbh
eu/1/20/1428;givlaari;alnylam netherlands b.v.
eu/1/12/756;glidipion;actavis group ptc ehf.
eu/1/07/413;gliolan;medac gesellschaft für klinische spezialpräparate mbh
eu/1/01/198;glivec;novartis europharm limited
eu/1/07/421;glubrava;takeda pharma a/s
eu/1/00/151;glustin;takeda pharma a/s
eu/1/16/1146;glyxambi;boehringer ingelheim international gmbh
eu/1/95/001;gonal-f;merck europe b.v.
eu/1/16/1137;granpidam;accord healthcare s.l.u.
eu/1/13/896;granupas;eurocept international b.v.
eu/1/13/877;grastofil;accord healthcare s.l.u.
eu/1/19/1375;grasustek;juta pharma gmbh
eu/1/09/535;grepid;pharmathen s.a.
eu/1/11/678;halaven;eisai gmbh
eu/1/14/958;harvoni;gilead sciences ireland uc
eu/1/01/183;hbvaxpro;msd vaccins
eu/1/18/1287;hefiya;sandoz gmbh
eu/1/97/045;helicobacter test infai;infai gmbh
eu/1/14/919;hemangiol;pierre fabre dermatologie
eu/1/18/1271;hemlibra;roche registration gmbh
eu/1/20/1446;hepcludex;myr gmbh
eu/1/20/1503;heplisav b;dynavax gmbh
eu/1/03/251;hepsera;gilead sciences ireland uc
eu/1/00/145;herceptin;roche registration gmbh
eu/1/17/1257;herzuma;celltrion healthcare hungary kft.
eu/1/15/1008;hetlioz;vanda pharmaceuticals netherlands b.v.,
eu/1/13/828;hexacima;sanofi pasteur
eu/1/13/829;hexyon;sanofi pasteur
eu/1/09/594;hirobriz breezhaler;novartis europharm limited
eu/1/11/687;hizentra;csl behring gmbh
eu/1/14/987;holoclar;holostem terapie avanzate s.r.l.
eu/1/18/1319;hulio;mylan s.a.s.
eu/1/96/007;humalog;eli lilly nederland b.v.
eu/1/03/256;humira;abbvie deutschland gmbh & co. kg
eu/1/96/027;hycamtin;novartis europharm limited
eu/1/13/840;hyqvia;baxalta innovations gmbh
eu/1/18/1286;hyrimoz;sandoz gmbh
eu/1/10/659;iasibon;pharmathen s.a.
eu/1/12/798;ibandronic acid accord;accord healthcare s.l.u.
eu/1/11/685;ibandronic acid sandoz;sandoz gmbh
eu/1/10/642;ibandronic acid teva;teva b.v.
eu/1/16/1147;ibrance;pfizer europe ma eeig
eu/1/08/484;icandra;novartis europharm limited
eu/1/13/839;iclusig;incyte biosciences distribution b.v.
eu/1/19/1356;idacio;fresenius kabi deutschland gmbh
eu/1/20/1471;idefirix;hansa biopharma ab
eu/1/16/1095;idelvion;csl behring gmbh
eu/1/11/673;ifirmacombi;krka d d., novo mesto
eu/1/08/480;ifirmasta;krka d d., novo mesto
eu/1/15/990;ikervis;santen oy
eu/1/09/564;ilaris;novartis europharm limited
eu/1/18/1323;ilumetri;almirall, s.a.
eu/1/13/845;imatinib accord;accord healthcare s.l.u.
eu/1/13/825;imatinib actavis;actavis group ptc ehf.
eu/1/12/808;imatinib teva;teva b.v.
eu/1/14/945;imbruvica;janssen-cilag international nv
eu/1/18/1322;imfinzi;astrazeneca ab
eu/1/15/1064;imlygic;amgen europe b.v.
eu/1/13/850;imnovid;celgene europe b.v.
eu/1/17/1216;imraldi;samsung bioepis nl b.v.
eu/1/13/855;imvanex;bavarian nordic a/s
eu/1/19/1390;inbrija;acorda therapeutics ireland limited
eu/1/07/402;increlex;ipsen pharma
eu/1/13/842;incresync;takeda pharma a/s
eu/1/14/922;incruse ellipta;glaxosmithkline (ireland) limited
eu/1/02/226;inductos;medtronic biopharma b.v.
eu/1/00/152;infanrix hexa;glaxosmithkline biologicals s.a.
eu/1/13/854;inflectra;pfizer europe ma eeig
eu/1/16/1132;inhixa;techdow pharma netherlands b.v.
eu/1/12/777;inlyta;pfizer europe ma eeig
eu/1/01/194;inomax;linde healthcare ab
eu/1/06/378;inovelon;eisai gmbh
eu/1/20/1514;inrebic;celgene europe b.v.
eu/1/09/531;instanyl;takeda pharma a/s
eu/1/02/233;insulatard;novo nordisk a/s
eu/1/20/1447;insulin aspart sanofi;sanofi-aventis groupe
eu/1/17/1203;insulin lispro sanofi;sanofi-aventis groupe
eu/1/97/030;insuman;sanofi-aventis deutschland gmbh
eu/1/99/109;integrilin;glaxosmithkline (ireland) limited
eu/1/08/468;intelence;janssen-cilag international nv
eu/1/17/1255;intrarosa;endoceutics s.a.
eu/1/99/127;introna;merck sharp & dohme b.v.
eu/1/15/1040;intuniv;shire pharmaceuticals ireland limited
eu/1/02/216;invanz;merck sharp & dohme b.v.
eu/1/07/395;invega;janssen-cilag international nv
eu/1/96/026;invirase;roche registration gmbh
eu/1/13/884;invokana;janssen-cilag international nv
eu/1/09/583;irbesartan / hydrochlorothiazide teva;teva b.v.
eu/1/06/377;irbesartan hct zentiva;zentiva k.s.
eu/1/09/576;irbesartan teva;teva b.v.
eu/1/06/376;irbesartan zentiva;zentiva k.s.
eu/1/09/526;iressa;astrazeneca ab
eu/1/98/070;iscover;sanofi-aventis groupe
eu/1/07/436;isentress;merck sharp & dohme b.v.
eu/1/19/1407;isturisa;recordati rare diseases
eu/1/17/1190;ivabradine accord;accord healthcare s.l.u.
eu/1/15/1041;ivabradine anpharm;anpharm przedsiębiorstwo farmaceutyczne s.a.
eu/1/16/1144;ivabradine zentiva;zentiva, k.s.
eu/1/07/437;ivemend;merck sharp & dohme b.v.
eu/1/19/1396;ivozall;orphelia pharma sas
eu/1/08/501;ixiaro;valneva austria gmbh
eu/1/13/905;izba;novartis europharm limited
eu/1/12/773;jakavi;novartis europharm limited
eu/1/08/485;jalra;novartis europharm limited
eu/1/08/455;janumet;merck sharp & dohme b.v.
eu/1/07/383;januvia;merck sharp & dohme b.v.
eu/1/14/930;jardiance;boehringer ingelheim international gmbh
eu/1/09/550;javlor;pierre fabre médicament
eu/1/12/780;jentadueto;boehringer ingelheim international gmbh
eu/1/13/819;jetrea;inceptua ab
eu/1/11/676;jevtana;sanofi-aventis groupe
eu/1/15/1000;jinarc;otsuka pharmaceutical netherlands b.v.
eu/1/18/1324;jivi;bayer ag
eu/1/17/1254;jorveza;dr falk pharma gmbh
eu/1/18/1282;juluca;viiv healthcare b.v.
eu/1/17/1172;jylamvo;therakind (europe) limited
eu/1/20/1480;jyseleca;gilead sciences ireland uc
eu/1/13/885;kadcyla;roche registration gmbh
eu/1/20/1468;kaftrio;vertex pharmaceuticals (ireland) limited
eu/1/01/172;kaletra;abbvie deutschland gmbh & co. kg
eu/1/12/782;kalydeco;vertex pharmaceuticals (ireland) limited
eu/1/18/1281;kanjinti;amgen europe b.v.
eu/1/15/1033;kanuma;alexion europe sas
eu/1/97/049;karvea;sanofi-aventis groupe
eu/1/98/085;karvezide;sanofi-aventis groupe
eu/1/15/994;kengrexal;chiesi farmaceutici s.p.a.
eu/1/03/270;kentera;teva b.v.
eu/1/00/146;keppra;ucb pharma s.a.
eu/1/14/965;ketoconazole hra;hra pharma rare diseases
eu/1/17/1196;kevzara;sanofi-aventis groupe
eu/1/15/1024;keytruda;merck sharp & dohme b.v.
eu/1/18/1302;kigabeq;orphelia pharma sas
eu/1/02/203;kineret;swedish orphan biovitrum ab (publ)
eu/1/02/214;kinzalkomb;bayer ag
eu/1/98/091;kinzalmono;bayer ag
eu/1/05/329;kiovig;takeda manufacturing austria ag
eu/1/16/1128;kisplyx;eisai gmbh
eu/1/17/1221;kisqali;novartis europharm limited
eu/1/04/298;kivexa;viiv healthcare bv
eu/1/20/1506;kixelle;mylan ire healthcare limited
eu/1/00/143;kogenate bayer;bayer ag
eu/1/11/731;komboglyze;astrazeneca ab
eu/1/15/1076;kovaltry;bayer ag
eu/1/08/481;kuvan;biomarin international limited
eu/1/18/1297;kymriah;novartis europharm limited
eu/1/16/1155;kyntheum;leo pharma a/s
eu/1/15/1060;kyprolis;amgen europe b.v.
eu/1/17/1230;lacosamide accord;accord healthcare s.l.u.
eu/1/19/1383;lacosamide ucb;ucb pharma s.a.
eu/1/10/663;lamivudine / zidovudine teva;teva b.v.
eu/1/09/566;lamivudine teva;teva b.v.
eu/1/09/596;lamivudine teva pharma b.v.;teva b.v.
eu/1/17/1258;lamzede;chiesi farmaceutici s.p.a.
eu/1/00/134;lantus;sanofi-aventis deutschland gmbh
eu/1/14/913;latuda;aziende chimiche riunite angelini francesco - a.c.r.a.f. s.p.a.
eu/1/14/899;laventair ellipta;glaxosmithkline (ireland) limited
eu/1/16/1171;ledaga;helsinn birex pharmaceuticals ltd.
eu/1/10/637;leflunomide medac;medac gesellschaft für klinische spezialpräparate mbh
eu/1/10/654;leflunomide ratiopharm;ratiopharm gmbh
eu/1/09/604;leflunomide zentiva;zentiva k.s.
eu/1/11/695;leganto;ucb pharma s.a.
eu/1/13/869;lemtrada;sanofi belgium
eu/1/18/1316;lenalidomide accord;accord healthcare s.l.u.
eu/1/20/1520;lenalidomide krka;krka d d., novo mesto
eu/1/20/1519;lenalidomide krka d.d. novo mesto;krka, d.d., novo mesto
eu/1/20/1490;lenalidomide mylan;mylan ireland limited
eu/1/15/1002;lenvima;eisai gmbh
eu/1/20/1494;leqvio;novartis europharm limited
eu/1/04/278;levemir;novo nordisk a/s
eu/1/11/712;levetiracetam accord;accord healthcare s.l.u.
eu/1/11/713;levetiracetam actavis;actavis group ptc ehf.
eu/1/11/738;levetiracetam actavis group;actavis group ptc ehf.
eu/1/13/889;levetiracetam hospira;pfizer europe ma eeig
eu/1/11/702;levetiracetam ratiopharm;ratiopharm gmbh
eu/1/11/741;levetiracetam sun;sun pharmaceutical industries europe bv
eu/1/11/701;levetiracetam teva;teva b.v.
eu/1/03/248;levitra;bayer ag
eu/1/11/706;levodopa/carbidopa/entacapone orion;orion corporation
eu/1/20/1493;libmeldy;orchard therapeutics (netherlands) b.v.
eu/1/19/1376;libtayo;regeneron ireland designated activity company (dac)
eu/1/01/195;liprolog;eli lilly nederland b.v.
eu/1/04/275;litak;lipomed gmbh
eu/1/20/1462;livogiva;theramex ireland limited
eu/1/15/993;lixiana;daiichi sankyo europe gmbh
eu/1/13/851;lojuxta;amryt pharmaceuticals dac
eu/1/17/1173;lokelma;astrazeneca ab
eu/1/13/856;lonquex;teva b.v.
eu/1/16/1096;lonsurf;les laboratoires servier
eu/1/15/1067;lopinavir/ritonavir mylan;mylan s.a.s.
eu/1/19/1355;lorviqua;pfizer europe ma eeig
eu/1/06/374;lucentis;novartis europharm limited
eu/1/15/1013;lumark;idb holland b.v.
eu/1/20/1470;lumeblue;cosmo technologies ltd
eu/1/02/205;lumigan;allergan pharmaceuticals ireland
eu/1/06/361;luminity;lantheus eu limited
eu/1/20/1522;lumoxiti;astrazeneca ab
eu/1/17/1226;lutathera;advanced accelerator applications
eu/1/00/155;luveris;merck europe b.v.
eu/1/18/1331;luxturna;novartis europharm limited
eu/1/14/955;lymphoseek;navidea biopharmaceuticals europe ltd.
eu/1/14/959;lynparza;astrazeneca ab
eu/1/04/279;lyrica;upjohn eesv
eu/1/19/1381;lysakare;advanced accelerator applications
eu/1/04/273;lysodren;hra pharma rare diseases
eu/1/20/1422;lyumjev;eli lilly nederland b.v.
eu/1/12/811;lyxumia;sanofi-aventis groupe
eu/1/06/337;m-m-rvaxpro;msd vaccins
eu/1/98/067;mabthera;roche registration gmbh
eu/1/18/1337;macimorelin aeterna zentaris;æterna zentaris gmbh
eu/1/13/820;marixino;krka d d., novo mesto
eu/1/11/711;matever;pharmathen s.a.
eu/1/17/1212;mavenclad;merck europe b.v.
eu/1/17/1213;maviret;abbvie deutschland gmbh & co. kg
eu/1/19/1414;mayzent;novartis europharm limited
eu/1/14/931;mekinist;novartis europharm limited
eu/1/18/1315;mektovi;pierre fabre médicament
eu/1/13/880;memantine accord;accord healthcare s.l.u.
eu/1/13/826;memantine lek;pharmathen s.a.
eu/1/12/799;memantine merz;merz pharmaceuticals gmbh
eu/1/13/827;memantine mylan;mylan s.a.s.
eu/1/13/836;memantine ratiopharm;ratiopharm gmbh
eu/1/20/1483;menquadfi;sanofi pasteur
eu/1/10/614;menveo;gsk vaccines s.r.l.
eu/1/08/502;mepact;takeda france sas
eu/1/18/1301;mepsevii;ultragenyx germany gmbh
eu/1/00/169;metalyse;boehringer ingelheim international gmbh
eu/1/11/682;methylthioninium chloride proveblue;provepharm s.a.s.
eu/1/98/090;micardis;boehringer ingelheim international gmbh
eu/1/02/213;micardisplus;boehringer ingelheim international gmbh
eu/1/18/1346;miglustat dipharma;dipharma b.v.
eu/1/17/1232;miglustat gen.orph;gen.orph
eu/1/04/292;mimpara;amgen europe b.v.
eu/1/97/051;mirapexin;boehringer ingelheim international gmbh
eu/1/07/400;mircera;roche registration gmbh
eu/1/13/904;mirvaso;galderma international
eu/1/02/231;mixtard;novo nordisk a/s
eu/1/09/523;modigraf;astellas pharma europe b.v.
eu/1/14/962;moventig;kyowa kirin holdings b.v.
eu/1/16/1161;movymia;stada arzneimittel ag
eu/1/09/537;mozobil;genzyme europe b.v.
eu/1/18/1348;mulpleo;shionogi b.v.
eu/1/09/591;multaq;sanofi-aventis groupe
eu/1/20/1445;mvabea;janssen-cilag international nv
eu/1/17/1246;mvasi;amgen technology (ireland) uc
eu/1/18/1276;myalepta;amryt pharmaceuticals dac
eu/1/08/448;mycamine;astellas pharma europe b.v.
eu/1/10/647;myclausen;passauer pharma gmbh
eu/1/07/439;mycophenolate mofetil teva;teva b.v.
eu/1/07/438;myfenax;teva b.v.
eu/1/18/1277;mylotarg;pfizer europe ma eeig
eu/1/00/141;myocet liposomal;teva b.v.
eu/1/06/333;myozyme;genzyme europe b.v.
eu/1/16/1134;mysildecard;mylan s.a.s.
eu/1/14/988;mysimba;orexigen therapeutics ireland limited
eu/1/05/324;naglazyme;biomarin international limited
eu/1/18/1325;namuscla;lupin europe gmbh
eu/1/15/1078;natpar;shire pharmaceuticals ireland limited
eu/1/13/824;nemdatine;actavis group ptc ehf.
eu/1/00/161;neoclarityn;merck sharp & dohme b.v.
eu/1/15/1053;neofordex;laboratoires ctrs
eu/1/97/031;neorecormon;roche registration gmbh
eu/1/16/1103;neparvis;novartis europharm limited
eu/1/20/1436;nepexto;mylan ire healthcare limited
eu/1/18/1311;nerlynx;pierre fabre médicament
eu/1/02/227;neulasta;amgen europe b.v.
eu/1/05/331;neupro;ucb pharma s.a.
eu/1/13/906;neuraceq;life radiopharma berlin gmbh
eu/1/00/166;neurobloc;sloan pharma s.a.r.l.
eu/1/07/433;nevanac;novartis europharm limited
eu/1/09/598;nevirapine teva;teva b.v.
eu/1/06/342;nexavar;bayer ag
eu/1/13/860;nexium control;glaxosmithkline dungarvan limited
eu/1/12/803;nexobrid;mediwound germany gmbh
eu/1/20/1425;nilemdo;daiichi sankyo europe gmbh
eu/1/12/767;nimenrix;pfizer europe ma eeig
eu/1/09/525;nimvastid;krka d d., novo mesto
eu/1/16/1094;ninlaro;takeda pharma a/s
eu/1/17/1217;nitisinone mdk;mendelikabs europe limited
eu/1/18/1290;nityr;cycle pharmaceuticals (europe) ltd
eu/1/10/631;nivestim;pfizer europe ma eeig
eu/1/04/297;nodetrip;esteve pharmaceuticals s.a.
eu/1/16/1124;nordimet;nordic group b.v.
eu/1/96/016;norvir;abbvie deutschland gmbh & co. kg
eu/1/13/888;novoeight;novo nordisk a/s
eu/1/00/142;novomix;novo nordisk a/s
eu/1/98/076;novonorm;novo nordisk a/s
eu/1/99/119;novorapid;novo nordisk a/s
eu/1/96/006;novoseven;novo nordisk a/s
eu/1/12/775;novothirteen;novo nordisk a/s
eu/1/05/320;noxafil;merck sharp & dohme b.v.
eu/1/08/497;nplate;amgen europe b.v.
eu/1/20/1432;nubeqa;bayer ag
eu/1/15/1043;nucala;glaxosmithkline trading services limited
eu/1/19/1364;nuceiva;evolus pharma limited
eu/1/11/694;nulojix;bristol-myers squibb pharma eeig
eu/1/20/1424;nustendi;daiichi sankyo europe gmbh
eu/1/00/164;nutropinaq;ipsen pharma
eu/1/14/936;nuwiq;octapharma ab
eu/1/20/1486;nyvepria;pfizer europe ma eeig
eu/1/17/1238;nyxoid;mundipharma corporation (ireland) limited
eu/1/20/1485;obiltoxaximab sfl;sfl pharmaceuticals deutschland gmbh
eu/1/15/1035;obizur;baxalta innovations gmbh
eu/1/16/1139;ocaliva;intercept pharma international limited
eu/1/17/1231;ocrevus;roche registration gmbh
eu/1/16/1112;odefsey;gilead sciences ireland uc
eu/1/15/1030;odomzo;sun pharmaceutical industries europe bv
eu/1/14/979;ofev;boehringer ingelheim international gmbh
eu/1/18/1341;ogivri;mylan s.a.s.
eu/1/20/1523;ogluo;xeris pharmaceuticals ireland limited
eu/1/10/635;olanzapine apotex;apotex europe b.v.
eu/1/09/587;olanzapine glenmark;glenmark arzneimittel gmbh
eu/1/09/588;olanzapine glenmark europe;glenmark arzneimittel gmbh
eu/1/08/475;olanzapine mylan;mylan s.a.s.
eu/1/07/427;olanzapine teva;teva b.v.
eu/1/09/597;olazax;glenmark pharmaceuticals s.r.o.
eu/1/09/592;olazax disperzi;glenmark pharmaceuticals s.r.o.
eu/1/16/1170;olumiant;eli lilly nederland b.v.
eu/1/15/1018;omidria;omeros ireland limited
eu/1/06/332;omnitrope;sandoz gmbh
eu/1/20/1499;onbevzi;samsung bioepis nl b.v.
eu/1/09/593;onbrez breezhaler;novartis europharm limited
eu/1/15/1070;oncaspar;les laboratoires servier
eu/1/18/1345;ondexxya;alexion europe s.a.s.
eu/1/15/1066;ongentys;bial - portela & cª, sa
eu/1/09/545;onglyza;astrazeneca ab
eu/1/16/1130;onivyde pegylated liposomal;les laboratoires servier
eu/1/18/1320;onpattro;alnylam netherlands b.v.
eu/1/17/1241;ontruzant;samsung bioepis nl b.v.
eu/1/02/217;opatanol;novartis europharm limited
eu/1/15/1014;opdivo;bristol-myers squibb pharma eeig
eu/1/08/469;oprymea;krka d d., novo mesto
eu/1/13/893;opsumit;janssen-cilag international nv
eu/1/98/065;optison;ge healthcare as
eu/1/98/074;optruma;eli lilly nederland b.v.
eu/1/15/989;orbactiv;menarini international operations luxembourg s.a.
eu/1/07/389;orencia;bristol-myers squibb pharma eeig
eu/1/04/303;orfadin;swedish orphan biovitrum international ab
eu/1/00/130;orgalutran;merck sharp & dohme b.v.
eu/1/15/1059;orkambi;vertex pharmaceuticals (ireland) limited
eu/1/13/870;orphacol;laboratoires ctrs
eu/1/09/586;oslif breezhaler;novartis europharm limited
eu/1/14/981;otezla;amgen europe b.v.
eu/1/13/871;ovaleap;theramex ireland limited
eu/1/00/165;ovitrelle;merck europe b.v.
eu/1/17/1197;oxervate;dompé farmaceutici s.p.a.
eu/1/20/1496;oxlumo;alnylam netherlands b.v.
eu/1/17/1251;ozempic;novo nordisk a/s
eu/1/10/638;ozurdex;allergan pharmaceuticals ireland
eu/1/20/1495;palforzia;aimmune therapeutics ireland limited
eu/1/20/1453;paliperidone janssen-cilag international;janssen-cilag international nv
eu/1/16/1104;palonosetron accord;accord healthcare s.l.u.
eu/1/19/1362;palynziq;biomarin international limited
eu/1/16/1089;pandemic influenza vaccine h5n1 astrazeneca;astrazeneca ab
eu/1/09/571;pandemic influenza vaccine h5n1 baxter;ology bioservices ireland ltd
eu/1/00/149;panretin;amdipharm limited
eu/1/09/519;pantoloc control;takeda gmbh
eu/1/09/517;pantozol control;takeda gmbh
eu/1/16/1142;parsabiv;amgen europe b.v.
eu/1/18/1317;pazenir;ratiopharm gmbh
eu/1/10/644;pecfent;kyowa kirin holdings b.v.
eu/1/04/284;pedea;recordati rare diseases
eu/1/02/221;pegasys;roche registration gmbh
eu/1/00/131;pegintron;merck sharp & dohme b.v.
eu/1/18/1313;pelgraz;accord healthcare s.l.u.
eu/1/18/1328;pelmeg;mundipharma corporation (ireland) limited
eu/1/15/1071;pemetrexed accord;accord healthcare s.l.u.
eu/1/16/1115;pemetrexed fresenius kabi;fresenius kabi deutschland gmbh
eu/1/15/1057;pemetrexed hospira;pfizer europe ma eeig
eu/1/18/1283;pemetrexed krka;krka, d.d.
eu/1/15/1034;pemetrexed lilly;eli lilly nederland b.v.
eu/1/15/1038;pemetrexed medac;medac gesellschaft für klinische spezialpräparate mbh
eu/1/17/1183;pemetrexed pfizer;pfizer europe ma eeig
eu/1/15/1037;pemetrexed sandoz;sandoz gmbh
eu/1/07/396;pergoveris;merck europe b.v.
eu/1/13/813;perjeta;roche registration gmbh
eu/1/09/528;peyona;chiesi farmaceutici s.p.a.
eu/1/13/822;pheburane;eurocept international bv
eu/1/20/1487;phelinun;adienne s.r.l.s.u.
eu/1/20/1497;phesgo;roche registration gmbh
eu/1/18/1332;pifeltro;merck sharp & dohme b.v.
eu/1/11/722;pioglitazone accord;accord healthcare s.l.u.
eu/1/12/755;pioglitazone actavis;actavis group ptc ehf.
eu/1/12/757;pioglitazone teva;teva b.v.
eu/1/12/758;pioglitazone teva pharma;teva b.v.
eu/1/20/1455;piqray;novartis europharm limited
eu/1/12/764;pixuvri;les laboratoires servier
eu/1/98/069;plavix;sanofi-aventis groupe
eu/1/14/934;plegridy;biogen netherlands b.v.
eu/1/11/715;plenadren;shire services bvba
eu/1/19/1388;polivy;roche registration gmbh
eu/1/19/1379;posaconazole accord;accord healthcare s.l.u.
eu/1/19/1380;posaconazole ahcl;accord healthcare s.l.u.
eu/1/10/660;potactasol;actavis group ptc ehf.
eu/1/18/1335;poteligeo;kyowa kirin holdings b.v.
eu/1/08/442;pradaxa;boehringer ingelheim international gmbh
eu/1/15/1031;praluent;sanofi-aventis groupe
eu/1/11/728;pramipexole accord;accord healthcare s.l.u.
eu/1/08/490;pramipexole teva;teva b.v.
eu/1/00/162;prandin;novo nordisk a/s
eu/1/18/1273;prasugrel mylan;mylan s.a.s.
eu/1/11/679;pravafenix;laboratoires smb sa
eu/1/15/1056;praxbind;boehringer ingelheim international gmbh
eu/1/15/1027;pregabalin accord;accord healthcare s.l.u.
eu/1/15/997;pregabalin mylan;mylan s.a.s.
eu/1/15/998;pregabalin mylan pharma;mylan s.a.s.
eu/1/14/916;pregabalin pfizer;upjohn eesv
eu/1/15/1011;pregabalin sandoz;sandoz gmbh
eu/1/15/1012;pregabalin sandoz gmbh;sandoz gmbh
eu/1/15/1021;pregabalin zentiva;zentiva, k.s.
eu/1/16/1166;pregabalin zentiva k.s;zentiva, k.s.
eu/1/09/590;prevenar 13;pfizer europe ma eeig
eu/1/17/1245;prevymis;merck sharp & dohme b.v.
eu/1/06/380;prezista;janssen-cilag international nv
eu/1/04/302;prialt;riemser pharma gmbh
eu/1/98/089;pritor;bayer ag
eu/1/02/215;pritorplus;bayer ag
eu/1/08/446;privigen;csl behring gmbh
eu/1/05/316;procoralan;les laboratoires servier
eu/1/13/861;procysbi;chiesi farmaceutici s.p.a.
eu/1/10/618;prolia;amgen europe b.v.
eu/1/98/092;prometax;novartis europharm limited
eu/1/05/323;proquad;msd vaccins
eu/1/02/234;protaphane;novo nordisk a/s
eu/1/02/201;protopic;leo pharma a/s
eu/1/96/008;puregon;merck sharp & dohme b.v.
eu/1/98/064;pylobactell;torbet laboratories ireland limited
eu/1/17/1191;qarziba;eusa pharma (netherlands) b.v.
eu/1/16/1108;qtern;astrazeneca ab
eu/1/97/057;quadramet;cis bio international
eu/1/14/973;quinsair;chiesi farmaceutici s.p.a.
eu/1/19/1393;quofenix;a. menarini - industrie farmaceutiche riunite - s.r.l.
eu/1/09/524;qutenza;grünenthal gmbh
eu/1/10/627;raloxifene teva;teva b.v.
eu/1/08/462;ranexa;menarini international operations luxembourg s.a.
eu/1/01/171;rapamune;pfizer europe ma eeig
eu/1/96/018;rapilysin;actavis group ptc ehf.
eu/1/10/643;rapiscan;ge healthcare as
eu/1/16/1090;rasagiline mylan;mylan s.a.s.
eu/1/14/977;rasagiline ratiopharm;teva b.v.
eu/1/07/405;rasilez;noden pharma dac
eu/1/08/491;rasilez hct;noden pharma dac
eu/1/08/444;ratiograstim;ratiopharm gmbh
eu/1/15/1062;ravicti;immedica pharma ab
eu/1/15/1020;raxone;santhera pharmaceuticals (deutschland) gmbh
eu/1/17/1209;reagila;gedeon richter plc.
eu/1/99/107;rebetol;merck sharp & dohme b.v.
eu/1/98/063;rebif;merck europe b.v.
eu/1/20/1452;reblozyl;bristol-myers squibb pharma eeig
eu/1/19/1420;recarbrio;merck sharp & dohme b.v.
eu/1/99/103;refacto af;pfizer europe ma eeig
eu/1/17/1193;refixia;novo nordisk a/s
eu/1/20/1482;rekambys;janssen-cilag international nv
eu/1/16/1150;rekovelle;ferring pharmaceuticals a/s
eu/1/08/463;relistor;bausch health ireland limited
eu/1/13/886;relvar ellipta;glaxosmithkline (ireland) limited
eu/1/99/116;remicade;janssen biologics b.v.
eu/1/13/853;remsima;celltrion healthcare hungary kft.
eu/1/99/123;renagel;genzyme europe b.v.
eu/1/09/521;renvela;genzyme europe b.v.
eu/1/11/743;repaglinide accord;accord healthcare s.l.u.
eu/1/09/579;repaglinide krka;krka d d., novo mesto
eu/1/09/530;repaglinide teva;teva b.v.
eu/1/15/1016;repatha;amgen europe b.v.
eu/1/01/189;replagal;shire human genetic therapies ab
eu/1/09/581;resolor;shire pharmaceuticals ireland limited
eu/1/15/1006;respreeza;csl behring gmbh
eu/1/07/431;retacrit;pfizer europe ma eeig
eu/1/20/1527;retsevmo;eli lilly nederland b.v.
eu/1/05/318;revatio;upjohn eesv
eu/1/12/787;revestive;shire pharmaceuticals ireland limited
eu/1/14/929;revinty ellipta;glaxosmithkline (ireland) limited
eu/1/07/391;revlimid;bristol-myers squibb pharma eeig
eu/1/10/612;revolade;novartis europharm limited
eu/1/03/267;reyataz;bristol-myers squibb pharma eeig
eu/1/14/967;rezolsta;janssen-cilag international nv
eu/1/19/1400;rhokiinsa;aerie pharmaceuticals ireland ltd
eu/1/18/1275;riarify;chiesi farmaceutici s.p.a.
eu/1/09/509;ribavirin teva;teva b.v.
eu/1/09/527;ribavirin teva pharma bv;teva b.v.
eu/1/96/010;rilutek;sanofi mature ip
eu/1/12/768;riluzole zentiva;zentiva k.s.
eu/1/19/1404;rinvoq;abbvie deutschland gmbh & co. kg
eu/1/10/621;ristaben;merck sharp & dohme b.v.
eu/1/10/620;ristfor;merck sharp & dohme b.v.
eu/1/17/1207;ritemvia;celltrion healthcare hungary kft.
eu/1/17/1242;ritonavir mylan;mylan s.a.s.
eu/1/20/1488;rivaroxaban accord;accord healthcare s.l.u.
eu/1/09/585;rivastigmine 1 a pharma;1 a pharma gmbh
eu/1/11/693;rivastigmine actavis;actavis group ptc ehf.
eu/1/09/589;rivastigmine hexal;hexal ag
eu/1/09/599;rivastigmine sandoz;sandoz gmbh
eu/1/17/1185;rixathon;sandoz gmbh
eu/1/17/1184;riximyo;sandoz gmbh
eu/1/14/970;rixubis;baxalta innovations gmbh
eu/1/18/1291;rizmoic;shionogi b.v.
eu/1/08/492;roactemra;roche registration gmbh
eu/1/20/1502;roclanda;aerie pharmaceuticals ireland ltd
eu/1/17/1174;rolufta ellipta;glaxosmithkline trading services limited
eu/1/05/330;rotarix;glaxosmithkline biologicals s.a.
eu/1/06/348;rotateq;msd vaccins
eu/1/16/1152;roteas;berlin-chemie ag
eu/1/20/1460;rozlytrek;roche registration gmbh
eu/1/17/1250;rubraca;clovis oncology ireland limited
eu/1/10/641;ruconest;pharming group n.v.
eu/1/20/1518;rukobia;viiv healthcare bv
eu/1/20/1431;ruxience;pfizer europe ma eeig
eu/1/18/1294;rxulti;otsuka pharmaceutical netherlands b.v.
eu/1/20/1430;rybelsus;novo nordisk a/s
eu/1/17/1218;rydapt;novartis europharm limited
eu/1/12/806;ryzodeg;novo nordisk a/s
eu/1/09/539;samsca;otsuka pharmaceutical netherlands b.v.
eu/1/12/766;sancuso;kyowa kirin holdings b.v.
eu/1/20/1435;sarclisa;sanofi-aventis groupe
eu/1/06/350;savene;clinigen healthcare b.v.
eu/1/15/992;saxenda;novo nordisk a/s
eu/1/14/969;scenesse;clinuvel europe limited
eu/1/09/602;scintimun;cis bio international
eu/1/07/388;sebivo;novartis europharm limited
eu/1/12/788;seebri breezhaler;novartis europharm limited
eu/1/18/1265;segluromet;merck sharp & dohme b.v.
eu/1/12/815;selincro;h. lundbeck a/s
eu/1/18/1270;semglee;mylan s.a.s.
eu/1/14/978;senshio;shionogi b.v.
eu/1/19/1387;senstend;plethora pharma solutions ltd.
eu/1/14/952;sevelamer carbonate winthrop;genzyme europe b.v.
eu/1/18/1272;shingrix;glaxosmithkline biologicals s.a.
eu/1/16/1135;sialanar;proveca pharma limited
eu/1/97/050;sifrol;boehringer ingelheim international gmbh
eu/1/12/753;signifor;recordati rare diseases
eu/1/07/397;siklos;addmedica
eu/1/07/432;silapo;stada arzneimittel ag
eu/1/09/595;sildenafil actavis;actavis group ptc ehf.
eu/1/09/603;sildenafil ratiopharm;ratiopharm gmbh
eu/1/09/584;sildenafil teva;teva b.v.
eu/1/18/1343;silodosin recordati;recordati ireland ltd
eu/1/09/607;silodyx;recordati ireland ltd
eu/1/14/933;simbrinza;novartis europharm limited
eu/1/09/546;simponi;janssen biologics b.v.
eu/1/98/084;simulect;novartis europharm limited
eu/1/13/901;sirturo;janssen-cilag international nv
eu/1/15/991;sivextro;merck sharp & dohme b.v.
eu/1/19/1369;sixmo;l. molteni & c. dei f.lli alitti soc.es.s.p.a
eu/1/17/1201;skilarence;almirall, s.a.
eu/1/19/1361;skyrizi;abbvie deutschland gmbh & co. kg
eu/1/18/1318;slenyto;rad neurim pharmaceuticals eec sarl
eu/1/07/393;soliris;alexion europe sas
eu/1/09/516;somac control;takeda gmbh
eu/1/16/1141;somakit toc;advanced accelerator applications
eu/1/02/240;somavert;pfizer europe ma eeig
eu/1/01/177;sonovue;bracco international b.v.
eu/1/13/894;sovaldi;gilead sciences ireland uc
eu/1/15/1072;spectrila;medac gesellschaft für klinische spezialpräparate mbh
eu/1/13/841;spedra;menarini international operations luxembourg s.a.
eu/1/17/1181;spherox;co.don ag
eu/1/17/1188;spinraza;biogen netherlands b.v.
eu/1/19/1410;spravato;janssen-cilag international nv
eu/1/06/363;sprycel;bristol-myers squibb pharma eeig
eu/1/03/260;stalevo;orion corporation
eu/1/19/1421;staquis;pfizer europe ma eeig
eu/1/01/174;starlix;novartis europharm limited
eu/1/13/832;stayveer;janssen-cilag international nv
eu/1/18/1267;steglatro;merck sharp & dohme b.v.
eu/1/18/1266;steglujan;merck sharp & dohme b.v.
eu/1/08/494;stelara;janssen-cilag international nv
eu/1/13/858;stivarga;bayer ag
eu/1/99/111;stocrin;merck sharp & dohme b.v.
eu/1/15/1015;strensiq;alexion europe sas
eu/1/19/1372;striascan;cis bio international
eu/1/13/830;stribild;gilead sciences ireland uc
eu/1/16/1097;strimvelis;orchard therapeutics (netherlands) b.v.
eu/1/06/359;suboxone;indivior europe limited
eu/1/16/1157;suliqua;sanofi-aventis groupe
eu/1/19/1408;sunosi;jazz pharmaceuticals ireland ltd
eu/1/20/1484;supemtek;sanofi pasteur
eu/1/99/110;sustiva;bristol-myers squibb pharma eeig
eu/1/06/347;sutent;pfizer europe ma eeig
eu/1/10/640;sycrest;organon n.v.
eu/1/14/928;sylvant;eusa pharma (netherlands) b.v.
eu/1/18/1306;symkevi;vertex pharmaceuticals (ireland) limited
eu/1/17/1225;symtuza;janssen-cilag international nv
eu/1/99/117;synagis;abbvie deutschland gmbh & co. kg
eu/1/09/508;synflorix;glaxosmithkline biologicals s.a.
eu/1/15/1003;synjardy;boehringer ingelheim international gmbh
eu/1/17/1244;tacforius;teva b.v.
eu/1/04/277;tachosil;takeda austria gmbh
eu/1/17/1177;tadalafil lilly;eli lilly nederland b.v.
eu/1/14/961;tadalafil mylan;mylan s.a.s.
eu/1/13/865;tafinlar;novartis europharm limited
eu/1/16/1086;tagrisso;astrazeneca ab
eu/1/18/1340;takhzyro;shire pharmaceuticals ireland limited
eu/1/16/1153;talmanco;mylan s.a.s.
eu/1/15/1085;taltz;eli lilly nederland b.v.
eu/1/19/1377;talzenna;pfizer europe ma eeig
eu/1/02/222;tamiflu;roche registration gmbh
eu/1/06/366;tandemact;takeda pharma a/s
eu/1/05/311;tarceva;roche registration gmbh
eu/1/01/178;targretin;eisai gmbh
eu/1/07/422;tasigna;novartis europharm limited
eu/1/97/044;tasmar;meda ab
eu/1/19/1405;tavlesse;instituto grifols, s.a.
eu/1/95/002;taxotere;sanofi mature ip
eu/1/20/1492;tecartus;kite pharma eu b.v.
eu/1/17/1220;tecentriq;roche registration gmbh
eu/1/13/837;tecfidera;biogen netherlands b.v.
eu/1/18/1296;tegsedi;akcea therapeutics ireland ltd
eu/1/10/639;telmisartan actavis;actavis group ptc ehf.
eu/1/09/610;telmisartan teva;teva b.v.
eu/1/11/719;telmisartan teva pharma;teva b.v.
eu/1/04/282;telzir;viiv healthcare bv
eu/1/98/096;temodal;merck sharp & dohme b.v.
eu/1/09/605;temomedac;medac gesellschaft für klinische spezialpräparate mbh
eu/1/10/615;temozolomide accord;accord healthcare s.l.u.
eu/1/10/616;temozolomide hexal;hexal ag
eu/1/10/617;temozolomide sandoz;sandoz gmbh
eu/1/11/697;temozolomide sun;sun pharmaceutical industries europe bv
eu/1/09/606;temozolomide teva;teva b.v.
eu/1/19/1378;temybric ellipta;glaxosmithkline trading services limited
eu/1/16/1129;tenofovir disoproxil mylan;mylan s.a.s.
eu/1/16/1127;tenofovir disoproxil zentiva;zentiva, k.s.
eu/1/10/622;tepadina;adienne s.r.l.s.u.
eu/1/16/1159;terrosa;gedeon richter plc.
eu/1/07/435;tesavel;merck sharp & dohme b.v.
eu/1/08/445;tevagrastim;teva gmbh
eu/1/11/669;teysuno;nordic group b.v.
eu/1/08/443;thalidomide celgene;celgene europe b.v.
eu/1/08/498;thymanax;servier (ireland) industries limited
eu/1/99/122;thyrogen;genzyme europe b.v.
eu/1/19/1394;tigecycline accord;accord healthcare s.l.u.
eu/1/13/892;tivicay;viiv healthcare bv
eu/1/10/652;tobi podhaler;mylan ire healthcare ltd
eu/1/18/1350;tobramycin pari;pari pharma gmbh
eu/1/13/821;tolucombi;krka d d., novo mesto
eu/1/10/632;tolura;krka d d., novo mesto
eu/1/17/1228;tookad;steba biotech s.a
eu/1/10/633;topotecan hospira;pfizer europe ma eeig
eu/1/07/424;torisel;pfizer europe ma eeig
eu/1/00/133;toujeo;sanofi-aventis deutschland gmbh
eu/1/12/790;tovanor breezhaler;novartis europharm limited
eu/1/07/386;toviaz;pfizer europe ma eeig
eu/1/02/220;tracleer;janssen-cilag international nv
eu/1/99/124;tractocile;ferring pharmaceuticals a/s
eu/1/11/707;trajenta;boehringer ingelheim international gmbh
eu/1/13/902;translarna;ptc therapeutics international limited
eu/1/01/199;travatan;novartis europharm limited
eu/1/18/1295;trazimera;pfizer europe ma eeig
eu/1/18/1351;trecondi;medac gesellschaft für klinische spezialpräparate mbh
eu/1/17/1236;trelegy ellipta;glaxosmithkline trading services limited
eu/1/17/1234;tremfya;janssen-cilag international nv
eu/1/19/1419;trepulmix;scipharm sàrl
eu/1/12/807;tresiba;novo nordisk a/s
eu/1/14/971;trevicta;janssen-cilag international nv
eu/1/17/1208;trimbow;chiesi farmaceutici s.p.a.
eu/1/02/204;trisenox;teva b.v.
eu/1/14/940;triumeq;viiv healthcare bv
eu/1/20/1498;trixeo aerosphere;astrazeneca ab
eu/1/00/156;trizivir;viiv healthcare bv
eu/1/19/1359;trogarzo;theratechnologies europe limited
eu/1/14/956;trulicity;eli lilly nederland b.v.
eu/1/17/1187;trumenba;pfizer europe ma eeig
eu/1/04/305;truvada;gilead sciences ireland uc
eu/1/16/1167;truxima;celltrion healthcare hungary kft.
eu/1/18/1274;trydonis;chiesi farmaceutici s.p.a.
eu/1/20/1526;tukysa;seagen b.v.
eu/1/96/020;twinrix adult;glaxosmithkline biologicals s.a.
eu/1/97/029;twinrix paediatric;glaxosmithkline biologicals s.a.
eu/1/10/648;twynsta;boehringer ingelheim international gmbh
eu/1/13/872;tybost;gilead sciences ireland uc
eu/1/06/336;tygacil;pfizer europe ma eeig
eu/1/06/346;tysabri;biogen netherlands b.v.
eu/1/07/440;tyverb;novartis europharm limited
eu/1/17/1202;ucedane;eurocept international b.v.
eu/1/18/1309;ulipristal acetate gedeon richter;gedeon richter plc.
eu/1/13/862;ultibro breezhaler;novartis europharm limited
eu/1/19/1371;ultomiris;alexion europe sas
eu/1/14/917;ulunar breezhaler;novartis europharm limited
eu/1/15/1083;uptravi;janssen-cilag international nv
eu/1/09/608;urorec;recordati ireland ltd
eu/1/18/1334;vaborem;menarini international operations luxembourg s.a.
eu/1/08/499;valdoxan;les laboratoires servier
eu/1/01/173;vaniqa;almirall, s.a.
eu/1/09/572;vantavo;merck sharp & dohme b.v.
eu/1/14/954;vargatef;boehringer ingelheim international gmbh
eu/1/20/1423;vaxchora;emergent netherlands b.v.
eu/1/15/1079;vaxelis;mcm vaccine b.v.
eu/1/07/423;vectibix;amgen europe b.v.
eu/1/09/533;vedrop;recordati rare diseases
eu/1/20/1459;veklury;gilead sciences ireland uc
eu/1/04/274;velcade;janssen-cilag international nv
eu/1/08/456;velmetia;merck sharp & dohme b.v.
eu/1/14/943;velphoro;vifor fresenius medical care renal pharma france
eu/1/17/1179;veltassa;vifor fresenius medical care renal pharma france
eu/1/16/1154;vemlidy;gilead sciences ireland uc
eu/1/16/1138;venclyxto;abbvie deutschland gmbh & co. kg
eu/1/03/255;ventavis;bayer ag
eu/1/17/1239;veraseal;instituto grifols, s.a.
eu/1/17/1219;verkazia;santen oy
eu/1/18/1307;verzenios;eli lilly nederland b.v.
eu/1/18/1298;veyvondi;baxalta innovations gmbh
eu/1/02/212;vfend;pfizer europe ma eeig
eu/1/98/077;viagra;upjohn eesv
eu/1/09/529;victoza;novo nordisk a/s
eu/1/08/488;vidaza;celgene europe b.v.
eu/1/14/982;viekirax;abbvie deutschland gmbh & co. kg
eu/1/16/1168;vihuma;octapharma ab
eu/1/14/914;vimizim;biomarin international limited
eu/1/08/470;vimpat;ucb pharma s.a.
eu/1/13/843;vipdomet;takeda pharma a/s
eu/1/13/844;vipidia;takeda pharma a/s
eu/1/97/055;viramune;boehringer ingelheim international gmbh
eu/1/01/200;viread;gilead sciences ireland uc
eu/1/00/140;visudyne;cheplapharm arzneimittel gmbh
eu/1/19/1385;vitrakvi;bayer ag
eu/1/03/249;vivanza;bayer ag
eu/1/14/941;vizamyl;ge healthcare as
eu/1/09/551;vizarsin;krka d d., novo mesto
eu/1/19/1354;vizimpro;pfizer europe ma eeig
eu/1/20/1481;vocabria;viiv healthcare bv
eu/1/14/918;vokanamet;janssen-cilag international nv
eu/1/08/451;volibris;glaxosmithkline (ireland) limited
eu/1/13/857;voncento;csl behring gmbh
eu/1/13/835;voriconazole accord;accord healthcare s.l.u.
eu/1/15/1004;voriconazole hikma;hikma farmacêutica (portugal), s.a.
eu/1/17/1223;vosevi;gilead sciences ireland uc
eu/1/10/628;votrient;novartis europharm limited
eu/1/11/710;votubia;novartis europharm limited
eu/1/10/646;vpriv;shire pharmaceuticals ireland limited
eu/1/11/717;vyndaqel;pfizer europe ma eeig
eu/1/18/1308;vyxeos liposomal;jazz pharmaceuticals ireland ltd
eu/1/15/1068;wakix;bioprojet pharma
eu/1/19/1360;waylivra;akcea therapeutics ireland limited
eu/1/04/286;wilzin;recordati rare diseases
eu/1/14/984;xadago;zambon s.p.a.
eu/1/04/295;xagrid;shire pharmaceuticals ireland limited
eu/1/12/793;xalkori;pfizer europe ma eeig
eu/1/11/727;xaluprine;nova laboratories ireland limited
eu/1/08/472;xarelto;bayer ag
eu/1/07/382;xelevia;merck sharp & dohme b.v.
eu/1/17/1178;xeljanz;pfizer europe ma eeig
eu/1/00/163;xeloda;roche registration gmbh
eu/1/98/071;xenical;cheplapharm arzneimittel gmbh
eu/1/20/1457;xenleta;nabriva therapeutics ireland dac
eu/1/11/672;xeplion;janssen-cilag international nv
eu/1/18/1312;xerava;tetraphase pharmaceuticals ireland limited
eu/1/17/1224;xermelo;ipsen pharma
eu/1/11/703;xgeva;amgen europe b.v.
eu/1/13/900;xigduo;astrazeneca ab
eu/1/08/486;xiliarx;novartis europharm limited
eu/1/13/873;xofigo;bayer ag
eu/1/20/1500;xofluza;roche registration gmbh
eu/1/05/319;xolair;novartis europharm limited
eu/1/19/1399;xospata;astellas pharma europe b.v.
eu/1/13/863;xoterna breezhaler;novartis europharm limited
eu/1/19/1366;xromi;nova laboratories ireland limited
eu/1/13/846;xtandi;astellas pharma europe b.v.
eu/1/14/947;xultophy;novo nordisk a/s
eu/1/14/986;xydalba;allergan pharmaceuticals international limited
eu/1/05/312;xyrem;ucb pharma s.a.
eu/1/17/1176;yargesa;piramal critical care b.v.
eu/1/11/692;yellox;bausch health ireland limited
eu/1/04/280;yentreve;eli lilly nederland b.v.
eu/1/11/698;yervoy;bristol-myers squibb pharma eeig
eu/1/18/1299;yescarta;kite pharma eu b.v.
eu/1/07/417;yondelis;pharma mar s.a.
eu/1/03/250;ytracis;cis bio international
eu/1/05/322;yttriga;eckert & ziegler radiopharma gmbh
eu/1/20/1444;zabdeno;janssen-cilag international nv
eu/1/07/415;zalasta;krka d d., novo mesto
eu/1/12/814;zaltrap;sanofi-aventis groupe
eu/1/15/1042;zalviso;grünenthal gmbh
eu/1/08/495;zarzio;sandoz gmbh
eu/1/02/238;zavesca;janssen-cilag international nv
eu/1/16/1109;zavicefta;pfizer ireland pharmaceuticals
eu/1/09/514;zebinix;bial - portela & cª, sa
eu/1/99/114;zeffix;glaxosmithkline (ireland) limited
eu/1/17/1235;zejula;glaxosmithkline (ireland) limited
eu/1/12/751;zelboraf;roche registration gmbh
eu/1/16/1119;zepatier;merck sharp & dohme b.v.
eu/1/20/1442;zeposia;bristol-myers squibb pharma eeig
eu/1/15/1032;zerbaxa;merck sharp & dohme b.v.
eu/1/20/1456;zercepac;accord healthcare s.l.u.
eu/1/18/1280;zessly;sandoz gmbh
eu/1/03/264;zevalin;ceft biopharma s.r.o
eu/1/99/112;ziagen;viiv healthcare bv
eu/1/18/1327;ziextenzo;sandoz gmbh
eu/1/20/1440;zimbus breezhaler;novartis europharm limited
eu/1/12/785;zinforo;pfizer ireland pharmaceuticals
eu/1/16/1156;zinplava;merck sharp & dohme b.v.
eu/1/18/1344;zirabev;pfizer europe ma eeig
eu/1/11/690;zoely;theramex ireland limited
eu/1/13/834;zoledronic acid accord;accord healthcare s.l.u.
eu/1/12/759;zoledronic acid actavis;actavis group ptc ehf.
eu/1/12/800;zoledronic acid hospira;pfizer europe ma eeig
eu/1/12/779;zoledronic acid medac;medac gesellschaft für klinische spezialpräparate mbh
eu/1/12/786;zoledronic acid mylan;mylan s.a.s.
eu/1/12/771;zoledronic acid teva;teva b.v.
eu/1/20/1443;zolgensma;novartis gene therapies eu limited
eu/1/08/483;zomarist;novartis europharm limited
eu/1/01/176;zometa;novartis europharm limited
eu/1/04/307;zonegran;eisai gmbh
eu/1/16/1093;zonisamide mylan;mylan s.a.s.
eu/1/06/341;zostavax;msd vaccins
eu/1/17/1233;zubsolv;orexo ab
eu/1/09/600;zutectra;biotest pharma gmbh
eu/1/12/783;zyclara;meda ab
eu/1/14/938;zydelig;gilead sciences ireland uc
eu/1/15/999;zykadia;novartis europharm limited
eu/1/09/553;zyllt;krka d d., novo mesto
eu/1/19/1363;zynquista;guidehouse germany gmbh
eu/1/20/1478;zynrelef;heron therapeutics, b.v.
eu/1/19/1367;zynteglo;bluebird bio (netherlands) b.v.
eu/1/08/479;zypadhera;eli lilly nederland b.v.
eu/1/96/022;zyprexa;eli lilly nederland b.v.
eu/1/99/125;zyprexa velotab;eli lilly nederland b.v.
eu/1/11/714;zytiga;janssen-cilag international nv
;junior;;14;